Designator,Quantity,Value,Footprint,Package,MPN,DNP,Mount_Type,LCSC#,Description
"C1, C15",2,1uF,C_0603_1608Metric,,,,smt,C6119849,
"C12, C14, C16, C17, C7",5,0.1uF,C_0603_1608Metric,,,,smt,C5137636,
C13,1,10uF,C_0603_1608Metric,,,,smt,C6119864,
C2,1,220uF,CP_EIA-3528-21_Kemet-B,,,,smt,C30242,Polarized capacitor
C3,1,100uF,CP_Elec_6.3x5.8,,,,smt,C128464,Polarized capacitor
C4,1,1.8pf,C_0603_1608Metric,,,,smt,C376773,
"C5, C6",2,12pF,C_0603_1608Metric,,,,smt,C363546,
"D1, D2, D5",3,D_Schottky,D_SOD-123,,,,smt,C18195164,Schottky diode
D4,1,XL-2121RGBC-2812B,LED_WS2812B-2020_PLCC4_2.0x2.0mm,,,,smt,C5349957,"RGB LED with integrated controller, 2.0 x 2.0 mm, 12 mA"
FB2,1,FerriteBead_Small,L_0603_1608Metric,,,,smt,C14709,"Ferrite bead, small symbol"
J1,1,MDB_Connector,Molex_Mini-Fit_Jr_5566-06A_2x03_P4.20mm_Vertical,,,,tht,C22365701,"Generic connector, double row, 02x03, top/bottom pin numbering scheme (row 1: 1...pins_per_row, row2: pins_per_row+1 ... num_pins), script generated (kicad-library-utils/schlib/autogen/connector/)"
J2,1,USB_C_Receptacle_USB2.0_16P,USB_C_Receptacle_G-Switch_GT-USB-7010ASV,,,,smt,C2988369,USB 2.0-only 16P Type-C Receptacle connector
J3,1,Conn_01x03_Pin,JST_PH_B3B-PH-K_1x03_P2.00mm_Vertical,,,,tht,C131339,"Generic connector, single row, 01x03, script generated"
J8,1,Conn_01x04_Pin,JST_PH_B4B-PH-K_1x04_P2.00mm_Vertical,,,,tht,C131334,"Generic connector, single row, 01x04, script generated"
L1,1,2.4nh,L_0603_1608Metric,,,,smt,C2042508,
L2,1,100uH,L_7.3x7.3_H3.5,,,,smt,C182195,Inductor
Q7,1,MMBT3904,SOT-23,,,,smt,C916374,"0.2A Ic, 40V Vce, Small Signal NPN Transistor, SOT-23"
"R1, R24, R25",3,4K7,R_0603_1608Metric,,,,smt,C23162,
R10,1,1k,R_0603_1608Metric,,,,smt,C2907113,
"R13, R3, R4, R6, R9",5,10k,R_0603_1608Metric,,,,smt,C98220,
"R2, R5",2,470ohm,R_0603_1608Metric,,,,smt,C114669,Resistor
"R7, R8",2,5.1k,R_0603_1608Metric,,,,smt,C394543,
SW1,1,SW_Push,SW_Tactile_SPST_NO_Straight_CK_PTS636Sx25SMTRLFS,,,,smt,C42435421,
"U1, U4",2,TLP785,SOP-4_3.8x4.1mm_P2.54mm,,,,smt,C128776,"DC Optocoupler, Vce 80V, CTR 50-200%, DIP4"
U3,1,ESP32-S3FH4R2,QFN-56-1EP_7x7mm_P0.4mm_EP4x4mm,,,,smt,C3013940,
U5,1,LM2594HVM-3.3,SOIC-8_3.9x4.9mm_P1.27mm,,,,smt,C18057294,"3.3V, 0.5A SIMPLE SWITCHER® Step-Down Voltage Regulator, Maximum VIN 60V, SOIC-8"
Y1,1,Crystal_GND24,Crystal_SMD_3225-4Pin_3.2x2.5mm,,,,smt,C7294599,"Four pin crystal, GND on pins 2 and 4"
