Designator,Quantity,Value,Footprint,Package,MPN,DNP,Mount_Type,Description,LCSC#,MF,MAXIMUM_PACKAGE_HEIGHT,Price,Check_prices,STANDARD,PARTREV,SnapEDA_Link,MP,Description_1,Availability,MANUFACTURER
BZ1,1,Buzzer,Buzzer_CUI_CPT-9019S-SMT,,,,smt,"Buzzer, polarized",C255327,,,,,,,,,,,
"C1, C19, C2",3,1.8pf,C_0603_1608Metric,,,,smt,,C376773,,,,,,,,,,,
"C10, C11, C14, C16, C18, C7, C9",7,0.1uF,C_0603_1608Metric,,,,smt,,C5137636,,,,,,,,,,,
C12,1,10uF,CP_EIA-3528-21_Kemet-B,,,,smt,Polarized capacitor,C110053,,,,,,,,,,,
"C13, C3, C8",3,1uF,C_0603_1608Metric,,,,smt,,C6119849,,,,,,,,,,,
C15,1,100uF,CP_Elec_6.3x5.8,,,,smt,Polarized capacitor,C128464,,,,,,,,,,,
C17,1,220uF,CP_EIA-3528-21_Kemet-B,,,,smt,Polarized capacitor,C30242,,,,,,,,,,,
"C4, C5",2,12pF,C_0603_1608Metric,,,,smt,,C363546,,,,,,,,,,,
C6,1,10uF,C_0603_1608Metric,,,,smt,,C6119864,,,,,,,,,,,
"D1, D3, D4",3,D_Schottky,D_SOD-123,,,,smt,Schottky diode,C18195164,,,,,,,,,,,
D2,1,XL-2121RGBC-2812B,LED_WS2812B-2020_PLCC4_2.0x2.0mm,,,,smt,"RGB LED with integrated controller, 2.0 x 2.0 mm, 12 mA",C5349957,,,,,,,,,,,
FB1,1,FerriteBead_Small,L_0603_1608Metric,,,,smt,"Ferrite bead, small symbol",C14709,,,,,,,,,,,
J1,1,USB_C_Receptacle_USB2.0_16P,USB_C_Receptacle_G-Switch_GT-USB-7010ASV,,,,smt,USB 2.0-only 16P Type-C Receptacle connector,C2988369,,,,,,,,,,,
J2,1,JAE_SIM_Card_SF72S006,JAE_SIM_Card_SF72S006,,,,smt,Nano-SIM Card (4FF) connector with Detect Switch,C2977286,,,,,,,,,,,
"J3, J7",2,Conn_01x03_Pin,JST_PH_B3B-PH-K_1x03_P2.00mm_Vertical,,,,tht,"Generic connector, single row, 01x03, script generated",C131339,,,,,,,,,,,
"J4, J5",2,Conn_Coaxial,U.FL_Hirose_U.FL-R-SMT-1_Vertical,,,,smt,"coaxial connector (BNC, SMA, SMB, SMC, Cinch/RCA, LEMO, ...)",C88374,,,,,,,,,,,
J6,1,MDB_Connector,Molex_Mini-Fit_Jr_5566-06A_2x03_P4.20mm_Vertical,,,,tht,"Generic connector, double row, 02x03, top/bottom pin numbering scheme (row 1: 1...pins_per_row, row2: pins_per_row+1 ... num_pins), script generated (kicad-library-utils/schlib/autogen/connector/)",C22365701,,,,,,,,,,,
J8,1,Conn_01x04_Pin,JST_PH_B4B-PH-K_1x04_P2.00mm_Vertical,,,,tht,"Generic connector, single row, 01x04, script generated",C131334,,,,,,,,,,,
L1,1,2.4nh,L_0603_1608Metric,,,,smt,,C2042508,,,,,,,,,,,
L2,1,100uH,L_7.3x7.3_H3.5,,,,smt,Inductor,C182195,,,,,,,,,,,
L3,1,5.6nh,L_0603_1608Metric,,,,smt,,C6652920,,,,,,,,,,,
L4,1,3.9nh,L_0603_1608Metric,,,,smt,,C317982,,,,,,,,,,,
"Q1, Q2, Q3, Q4, Q5, Q6, Q7",7,MMBT3904,SOT-23,,,,smt,"0.2A Ic, 40V Vce, Small Signal NPN Transistor, SOT-23",C916374,,,,,,,,,,,
"R1, R2, R20, R22, R27, R3, R7, R8, R9",9,10k,R_0603_1608Metric,,,,smt,,C98220,,,,,,,,,,,
"R10, R11",2,5.1k,R_0603_1608Metric,,,,smt,,C394543,,,,,,,,,,,
"R12, R13, R14",3,22ohm,R_0603_1608Metric,,,,smt,,C23345,,,,,,,,,,,
"R15, R19, R21, R23, R24, R25, R4, R5, R6",9,4K7,R_0603_1608Metric,,,,smt,,C23162,,,,,,,,,,,
"R16, R18",2,470ohm,R_0603_1608Metric,,,,smt,Resistor,C114669,,,,,,,,,,,
R17,1,1k,R_0603_1608Metric,,,,smt,,C2907113,,,,,,,,,,,
SW1,1,SW_Push,SW_Tactile_SPST_NO_Straight_CK_PTS636Sx25SMTRLFS,,,,smt,,C42435421,,,,,,,,,,,
U1,1,ESP32-S3FH4R2,QFN-56-1EP_7x7mm_P0.4mm_EP4x4mm,,,,smt,,C3013940,,,,,,,,,,,
U2,1,SIM7080G,XCVR_SIM7080G,Package,,,smt,,C2943992,SIMCom,2.6 mm,None,https://www.snapeda.com/parts/SIM7080G/SIMCom/view-part/?ref=eda,Manufacturer Recommendation,1.04,https://www.snapeda.com/parts/SIM7080G/SIMCom/view-part/?ref=snap,SIM7080G,"Cellular, Navigation Galileo, GLONASS, GPS, GNSS, LTE Transceiver Module 1.559GHz ~ 1.576GHz, 1.575GHz ~ 1.576GHz, 1.574GHz ~ 1.606GHz, 1.598GHz ~ 1.563GHz Antenna Not Included Surface Mount",In Stock,SIMCOM
U3,1,LM2594HVM-3.3,SOIC-8_3.9x4.9mm_P1.27mm,,,,smt,"3.3V, 0.5A SIMPLE SWITCHER® Step-Down Voltage Regulator, Maximum VIN 60V, SOIC-8",C18057294,,,,,,,,,,,
"U4, U5",2,TLP785,SOP-4_3.8x4.1mm_P2.54mm,,,,smt,"DC Optocoupler, Vce 80V, CTR 50-200%, DIP4",C128776,,,,,,,,,,,
Y1,1,Crystal_GND24,Crystal_SMD_3225-4Pin_3.2x2.5mm,,,,smt,"Four pin crystal, GND on pins 2 and 4",C7294599,,,,,,,,,,,
