Designator,Quantity,Value,Footprint,Package,MPN,DNP,Mount_Type,LCSC#,Description,Manufacturer,Sim.Device,Sim.Pins
"C1, C15, C2, C3",4,1uF,C_0603_1608Metric,,,,smt,C696901,,,,
C13,1,10uF,C_0603_1608Metric,,,,smt,C6119864,,,,
"C14, C16, C17, C7, C8",5,0.1uF,C_0603_1608Metric,,,,smt,C5137636,,,,
C31,1,100uF,CP_Elec_6.3x5.8,,,,smt,C128464,Polarized capacitor,,,
C32,1,100uF,CP_EIA-3528-21_Kemet-B,,,,smt,C90975,Polarized capacitor,,,
C4,1,1.8pF,C_0603_1608Metric,,,,smt,C376773,,,,
"C5, C6",2,12pF,C_0603_1608Metric,,,,smt,C363546,,,,
"D12, D15, D2, D5",4,D_Schottky,D_SOD-123,,,,smt,C18195164,Schottky diode,,,
FB2,1,FerriteBead,L_0603_1608Metric,,,,smt,C14709,"Ferrite bead, small symbol",,,
"J1, J9",2,MDB_Connector,Molex_Mini-Fit_Jr_5566-06A_2x03_P4.20mm_Vertical,,,,tht,C22365701,"Generic connector, double row, 02x03, top/bottom pin numbering scheme (row 1: 1...pins_per_row, row2: pins_per_row+1 ... num_pins), script generated (kicad-library-utils/schlib/autogen/connector/)",,,
J2,1,USB_C_Receptacle_USB2.0_16P,USB_C_Receptacle_G-Switch_GT-USB-7010ASV,,,,smt,C2988369,USB 2.0-only 16P Type-C Receptacle connector,,,
J4,1,Conn_Coaxial,U.FL_Hirose_U.FL-R-SMT-1_Vertical,,,,smt,C88374,"coaxial connector (BNC, SMA, SMB, SMC, Cinch/RCA, LEMO, ...)",,,
J8,1,Conn_01x04_Pin,JST_PH_B4B-PH-K_1x04_P2.00mm_Vertical,,,,tht,C131334,"Generic connector, single row, 01x04, script generated",,,
L1,1,2.4nH,L_0603_1608Metric,,,,smt,C2042508,,,,
L6,1,100uH,L_7.3x7.3_H3.5,,,,smt,C182195,Inductor,,,
LED1,1,XL-2121RGBC-WS2812B,LED-SMD_4P-L2.1-W2.1-BR_XL-2121RGBC-WS2812B,,XL-2121RGBC-2812B,,smt,C5349957,,XINGLIGHT(成兴光),,
Q5,1,MMBT3906,SOT-23,,,,smt,C364311,"-0.2A Ic, -40V Vce, Small Signal PNP Transistor, SOT-23",,PNP,1=B 2=E 3=C
"R1, R10, R32",3,1k,R_0603_1608Metric,,,,smt,C2907113,,,,
"R2, R5",2,470R,R_0603_1608Metric,,,,smt,C114669,Resistor,,,
"R24, R25, R31",3,4.7k,R_0603_1608Metric,,,,smt,C23162,,,,
"R3, R4, R6, R9",4,10k,R_0603_1608Metric,,,,smt,C98220,,,,
"R7, R8",2,5.1k,R_0603_1608Metric,,,,smt,C394543,,,,
SW1,1,SW_Push,SW_Tactile_SPST_NO_Straight_CK_PTS636Sx25SMTRLFS,,,,smt,C42435421,,,,
"U1, U4",2,TLP785,SOP-4_3.8x4.1mm_P2.54mm,,,,smt,C128776,"DC Optocoupler, Vce 80V, CTR 50-200%, DIP4",,,
U17,1,LM2594HVM-5.0,SOIC-8_3.9x4.9mm_P1.27mm,,,,smt,C2904794,"5.0V, 0.5A SIMPLE SWITCHER® Step-Down Voltage Regulator, Maximum VIN 60V, SOIC-8",,,
U2,1,AP2112K-3.3,SOT-23-5,,,,smt,C51118,"600mA low dropout linear regulator, with enable pin, 3.8V-6V input voltage range, 3.3V fixed positive output, SOT-23-5",,,
U3,1,ESP32-S3FH4R2,QFN-56-1EP_7x7mm_P0.4mm_EP4x4mm,,,,smt,C3013940,,,,
Y1,1,40MHz,Crystal_SMD_3225-4Pin_3.2x2.5mm,,,,smt,C7294599,"Four pin crystal, GND on pins 2 and 4",,,
