pos_x,pos_y,rotation,side,designator,mpn,pack,footprint,value,mount_type
5.679,24.125,-90.0,top,AE1,,,Molex_47948-0001_2.4Ghz,Antenna,smt
2.274,20.24597,180.0,top,C1,,,C_0402_1005Metric,1uF,smt
9.259,21.771955,-90.0,top,C13,,,C_0402_1005Metric,10uF,smt
5.09,20.901955,-90.0,top,C14,,,C_0402_1005Metric,0.1uF,smt
10.264,21.766955,-90.0,top,C15,,,C_0402_1005Metric,1uF,smt
4.764,11.84,-45.0,top,C16,,,C_0402_1005Metric,0.1uF,smt
12.936,18.507955,0.0,top,C17,,,C_0402_1005Metric,0.1uF,smt
17.928,10.678,0.0,top,C2,,,CP_EIA-3528-21_Kemet-B,220uF,smt
22.489,29.965,90.0,top,C3,,,CP_Elec_6.3x5.8,100uF,smt
9.131,23.4155,0.0,top,C4,,,C_0402_1005Metric,1.8pF,smt
16.774,23.927955,90.0,top,C5,,,C_0402_1005Metric,12pF,smt
11.416,22.367955,-90.0,top,C6,,,C_0402_1005Metric,12pF,smt
22.964,12.71,0.0,top,D1,,,D_SOD-123,D_Schottky,smt
21.864,36.465,180.0,top,D2,,,D_SOD-123,D_Schottky,smt
16.353,14.44,180.0,top,D3,,,LED_0402_1005Metric,LED,smt
12.838,10.424,180.0,top,D5,,,D_SOD-123,D_Schottky,smt
4.1,20.881955,90.0,top,FB2,,,L_0402_1005Metric,FerriteBead,smt
6.979,35.83,0.0,top,J1,,,Molex_Mini-Fit_Jr_5566-06A_2x03_P4.20mm_Vertical,MDB_Connector,tht
7.046667,4.155,0.0,top,J2,,,USB_C_Receptacle_G-Switch_GT-USB-7010ASV,USB_C_Receptacle_USB2.0_16P,smt
9.131,24.394,0.0,top,L1,,,L_0402_1005Metric,2.4nH,smt
16.497333,4.49,90.0,top,L2,,,L_7.3x7.3_H3.5,100uH,smt
2.347918,12.351,180.0,top,R1,,,R_0402_1005Metric,4.7k,smt
2.294,18.044,0.0,top,R10,,,R_0402_1005Metric,1k,smt
2.347918,13.372,180.0,top,R11,,,R_0402_1005Metric,4.7k,smt
16.353,13.39,0.0,top,R12,,,R_0402_1005Metric,1k,smt
21.092,19.655977,180.0,top,R2,,,R_0402_1005Metric,470R,smt
2.294,21.341955,180.0,top,R3,,,R_0402_1005Metric,10k,smt
2.294,19.149985,180.0,top,R4,,,R_0402_1005Metric,10k,smt
19.058,19.655977,0.0,top,R5,,,R_0402_1005Metric,470R,smt
12.956,19.515455,0.0,top,R6,,,R_0402_1005Metric,10k,smt
1.026,5.088,-90.0,top,R7,,,R_0402_1005Metric,5.1k,smt
1.026,7.071,90.0,top,R8,,,R_0402_1005Metric,5.1k,smt
12.956,20.532955,0.0,top,R9,,,R_0402_1005Metric,10k,smt
23.378,1.672,0.0,top,SW1,,,SW_SPST_EVQP7C,SW_Push,smt
21.346,22.537955,0.0,top,U1,,,SOP-4_3.8x4.1mm_P2.54mm,TLP785,smt
8.044959,15.209996,-45.0,top,U3,,,QFN-56-1EP_7x7mm_P0.4mm_EP4x4mm,ESP32-S3FH4R2,smt
21.346,16.774,0.0,top,U4,,,SOP-4_3.8x4.1mm_P2.54mm,TLP785,smt
23.443,7.695,90.0,top,U5,,,SOIC-8_3.9x4.9mm_P1.27mm,LM2594HVM-3.3,smt
14.095,23.137955,0.0,top,Y1,,,Crystal_SMD_3225-4Pin_3.2x2.5mm,40MHz,smt
