Designator,Quantity,Value,Footprint,Package,MPN,DNP,Mount_Type,LCSC#,Description,Sim.Pins
"C1, C15",2,1uF,C_0402_1005Metric,,,,smt,C14445,,
C13,1,10uF,C_0402_1005Metric,,,,smt,C15525,,
"C14, C16, C17",3,0.1uF,C_0402_1005Metric,,,,smt,C1525,,
C2,1,220uF,CP_EIA-3528-21_Kemet-B,,,,smt,C30242,Polarized capacitor,
C3,1,100uF,CP_Elec_6.3x5.8,,,,smt,C128464,Polarized capacitor,
C4,1,1.8pF,C_0402_1005Metric,,,,smt,C1553,,
"C5, C6",2,12pF,C_0402_1005Metric,,,,smt,C1547,,
"D1, D2, D5",3,D_Schottky,D_SOD-123,,,,smt,C18195164,Schottky diode,
D3,1,LED,LED_0402_1005Metric,,,,smt,C74339,Light emitting diode,1=K 2=A
FB2,1,FerriteBead,L_0402_1005Metric,,,,smt,C88970,"Ferrite bead, small symbol",
J1,1,MDB_Connector,Molex_Mini-Fit_Jr_5566-06A_2x03_P4.20mm_Vertical,,,,tht,C22365701,"Generic connector, double row, 02x03, top/bottom pin numbering scheme (row 1: 1...pins_per_row, row2: pins_per_row+1 ... num_pins), script generated (kicad-library-utils/schlib/autogen/connector/)",
J2,1,USB_C_Receptacle_USB2.0_16P,USB_C_Receptacle_G-Switch_GT-USB-7010ASV,,,,smt,C2988369,USB 2.0-only 16P Type-C Receptacle connector,
L1,1,2.4nH,L_0402_1005Metric,,,,smt,C22727,,
L2,1,100uH,L_7.3x7.3_H3.5,,,,smt,C182195,Inductor,
"R1, R11",2,4.7k,R_0402_1005Metric,,,,smt,C25900,,
"R10, R12",2,1k,R_0402_1005Metric,,,,smt,C25543,,
"R2, R5",2,470R,R_0402_1005Metric,,,,smt,C25117,Resistor,
"R3, R4, R6, R9",4,10k,R_0402_1005Metric,,,,smt,C60490,,
"R7, R8",2,5.1k,R_0402_1005Metric,,,,smt,C25905,,
SW1,1,SW_Push,SW_SPST_EVQP7C,,,,smt,C388883,,
"TP1, TP2",2,TestPoint,TestPoint_Pad_D1.5mm,,,,tht,,test point,
"U1, U4",2,TLP785,SOP-4_3.8x4.1mm_P2.54mm,,,,smt,C128776,"DC Optocoupler, Vce 80V, CTR 50-200%, DIP4",
U3,1,ESP32-S3FH4R2,QFN-56-1EP_7x7mm_P0.4mm_EP4x4mm,,,,smt,C3013940,,
U5,1,LM2594HVM-3.3,SOIC-8_3.9x4.9mm_P1.27mm,,,,smt,C18057294,"3.3V, 0.5A SIMPLE SWITCHER® Step-Down Voltage Regulator, Maximum VIN 60V, SOIC-8",
Y1,1,40MHz,Crystal_SMD_3225-4Pin_3.2x2.5mm,,,,smt,C7294599,"Four pin crystal, GND on pins 2 and 4",
